{"stat.useItem.351":437,"stat.useItem.155":3175,"stat.walkOneCm":1918454,"stat.useItem.156":536,"stat.useItem.159":12109,"stat.useItem.114":7,"stat.leaveGame":10,"stat.useItem.24":229,"stat.minecartOneCm":225270,"stat.useItem.161":510,"stat.useItem.31":79,"stat.useItem.163":13,"stat.jump":1406,"stat.swimOneCm":12746,"achievement.exploreAllBiomes":{"value":0,"progress":["Plains"]},"stat.useItem.35":1625,"stat.useItem.38":9,"stat.useItem.42":31,"stat.useItem.175":359,"stat.useItem.44":184,"stat.useItem.89":1144,"stat.useItem.330":59,"stat.useItem.45":112,"stat.useItem.134":70,"stat.useItem.139":178,"achievement.openInventory":220,"stat.useItem.80":5,"stat.damageTaken":2147483647,"stat.useItem.97":230,"stat.useItem.98":3264,"stat.flyOneCm":12264163,"stat.deaths":1,"stat.drop":6,"stat.useItem.50":98,"stat.useItem.101":509,"stat.useItem.95":1895,"stat.playOneMinute":1247458,"stat.useItem.1":2325,"stat.useItem.109":161,"stat.useItem.5":3,"stat.useItem.3":1368,"stat.useItem.17":134,"stat.useItem.18":249,"stat.diveOneCm":34550}