{"stat.useItem.155":2795,"stat.walkOneCm":1197210,"stat.useItem.159":6056,"stat.leaveGame":23,"stat.useItem.160":185,"stat.minecartOneCm":111870,"stat.jump":1357,"stat.swimOneCm":502,"achievement.exploreAllBiomes":{"value":0,"progress":["Plains"]},"stat.useItem.35":649,"stat.useItem.44":500,"stat.useItem.89":1,"stat.useItem.41":140,"achievement.openInventory":203,"stat.useItem.97":226,"stat.useItem.98":18,"stat.flyOneCm":8123919,"stat.drop":6,"stat.useItem.50":49,"stat.useItem.95":878,"stat.playOneMinute":1273767,"stat.useItem.1":1222,"stat.useItem.3":2,"stat.diveOneCm":525}