{"stat.useItem.351":101,"stat.useItem.155":629,"stat.walkOneCm":258148,"stat.useItem.159":3469,"stat.leaveGame":1,"stat.useItem.160":89,"stat.useItem.321":92,"stat.jump":312,"stat.useItem.35":811,"achievement.exploreAllBiomes":{"value":0,"progress":["Plains"]},"stat.useItem.44":1,"stat.useItem.89":33,"stat.useItem.85":97,"achievement.openInventory":93,"stat.damageTaken":2147483633,"stat.useItem.98":284,"stat.flyOneCm":1660596,"stat.useItem.6":12,"stat.deaths":15,"stat.drop":11,"stat.useItem.50":22,"stat.useItem.101":23,"stat.useItem.95":440,"stat.playOneMinute":209726,"stat.useItem.109":16,"stat.useItem.5":226,"stat.useItem.3":141,"stat.useItem.18":20}