{"stat.useItem.20":5,"stat.useItem.155":1414,"stat.walkOneCm":263721,"stat.useItem.113":6,"stat.useItem.156":97,"stat.useItem.159":317,"stat.leaveGame":15,"stat.useItem.160":92,"stat.minecartOneCm":191,"stat.useItem.31":25,"stat.jump":311,"stat.swimOneCm":2753,"stat.useItem.323":5,"achievement.exploreAllBiomes":{"value":0,"progress":["Plains"]},"stat.useItem.171":42,"stat.useItem.35":59,"stat.useItem.42":33,"stat.useItem.175":1,"stat.useItem.44":33,"stat.useItem.89":4,"stat.boatOneCm":7173,"achievement.openInventory":93,"stat.damageTaken":-2,"stat.useItem.46":7,"stat.useItem.97":1,"stat.useItem.98":130,"stat.flyOneCm":1256380,"stat.deaths":2,"stat.drop":38,"stat.useItem.101":234,"stat.useItem.95":243,"stat.playOneMinute":281698,"stat.useItem.3":142,"stat.useItem.18":2,"stat.diveOneCm":8874}