{"stat.useItem.155":368,"stat.walkOneCm":437262,"stat.useItem.159":2525,"stat.leaveGame":11,"stat.minecartOneCm":470904,"stat.useItem.160":660,"stat.jump":859,"stat.swimOneCm":4138,"achievement.exploreAllBiomes":{"value":0,"progress":["Plains"]},"stat.useItem.35":506,"stat.useItem.44":16,"stat.useItem.89":136,"stat.useItem.45":66,"stat.boatOneCm":16750,"stat.useItem.85":1,"achievement.openInventory":115,"stat.damageTaken":2147483645,"stat.useItem.98":1731,"stat.flyOneCm":7078113,"stat.deaths":3,"stat.drop":11,"stat.useItem.50":762,"stat.useItem.101":26,"stat.useItem.95":1092,"stat.playOneMinute":471400,"stat.useItem.1":364,"stat.useItem.3":185,"stat.diveOneCm":25697}